Category,Problem List Item,BraveEve's Conversational Question,Verbatim,Yes,No
,,,,,
,,,,,
Physical,ನೋವು,ನಾವೆಲ್ಲರೂ ಕೆಲವೊಮ್ಮೆ ದೇಹದಲ್ಲಿ ನೋವನ್ನು ಅನುಭವಿಸುತ್ತೇವೆ.[Name]ಕಳೆದ ವಾರದಲ್ಲಿ ನಿಮಗೆ ಯಾವುದಾದರೂ ದೇಹದ ನೋವು ಕಾಣಿಸಿಕೊಂಡಿದೆಯಾ?,"ಕೀಮೋಥೆರಪಿಗೆ ಒಳಗಾದ ಒಬ್ಬ ವ್ಯಕ್ತಿಯು, ""ನನಗೆ ದೇಹದಲ್ಲಿ ನೋವುಂಟಾಗುತ್ತದೆ ಮತ್ತು ಹೆಚ್ಚಿನ ಸಮಯ ನಾನು ಹಾಸಿಗೆಯಲ್ಲಿರುತ್ತೇನೆ"" ಎಂದು ಹೇಳಿದರು.",ಶರೀರದಲ್ಲಿ ನೋವಿದ್ದಾಗ ಕಷ್ಟವೆನಿಸಬಹುದು. ಇಂದು ನೀವು ನಿಮ್ಮಿಂದಾದಷ್ಟು ಉತ್ತಮ ಪ್ರಯತ್ನವನ್ನು ಮಾಡುತ್ತಿದ್ದೀರಿ.,That’s really good to hear. I’m happy your body feels okay.
Physical,ನಿದ್ರೆ,ರಾತ್ರಿ ವೇಳೆ ನಿದ್ರೆ ಮಾಡಲು ತೊಂದರೆ ಆಗುತ್ತಿದೆಯೇ[Name]?,"ಕ್ಯಾನ್ಸರ್ ಚಿಕಿತ್ಸೆ ಪಡೆಯುತ್ತಿರುವ ವ್ಯಕ್ತಿಯೊಬ್ಬರು, ತಮಗೆ ಇದ್ದಕ್ಕಿದ್ದಂತೆ ಬಿಸಿಯಾದ ಅನುಭವ ಮತ್ತು ಬೆವರು ಉಂಟಾಗುತ್ತಿದ್ದು, ಇದರಿಂದ ನಿದ್ದೆ ಮಾಡಲು ಕಷ್ಟವಾಗುತ್ತಿತ್ತು ಎಂದು ಹೇಳಿದರು. ""ಬಿಸಿಯ ಅಲೆಗಳ (hot flushes) ಕಾರಣದಿಂದ ನನಗೆ ನಿದ್ದೆ ಬರುತ್ತಿರಲಿಲ್ಲ,"" ಎಂದು ಅವರು ತಿಳಿಸಿದರು.",ನನಗೆ ಅರ್ಥವಾಯಿತು[Name]. ಸರಿಯಾಗಿ ನಿದ್ರೆ ಮಾಡದಿರುವುದು ಇಡೀ ದಿನ ಕಷ್ಟಕರವಾಗಿಸುತ್ತದೆ. ಸಾಧ್ಯವಾದಾಗ ದಯವಿಟ್ಟು ವಿಶ್ರಾಂತಿ ಪಡೆಯಲು ಪ್ರಯತ್ನಿಸಿ.,"That is good to hear, [Name]. Good sleep can help you feel fresh in the morning."
Physical,ಆಯಾಸ,[Name]ಕಳೆದ ವಾರದಲ್ಲಿ ನಿಮಗೆ ದುರ್ಬಲ ಅಥವಾ ಆಯಾಸವಾಗುತ್ತಿದೆಯೇ?,"ಕೀಮೋಥೆರಪಿ ಪಡೆಯುತ್ತಿದ್ದ ವ್ಯಕ್ತಿಯೊಬ್ಬರು, ಚಿಕಿತ್ಸೆಯ ನಂತರ ಒಂದು ವಾರದವರೆಗೆ ತಮಗೆ ತೀವ್ರ ಆಯಾಸವೆನಿಸಿತು ಎಂದು ಹೀಗೆ ವಿವರಿಸಿದರು: ""ಮೊದಲ ಎರಡು-ಮೂರು ದಿನಗಳು (ಕೀಮೋಥೆರಪಿ ನಂತರ) ಅಷ್ಟೊಂದು ತೊಂದರೆಯಾಗಲಿಲ್ಲ ಏಕೆಂದರೆ ಆಗ ಔಷಧಿಗಳನ್ನು ನೀಡಲಾಗಿತ್ತು; ಆದರೆ ಆ ನಂತರ ಒಂದು ವಾರದವರೆಗೆ ತೀವ್ರ ಆಯಾಸವಿತ್ತು.""",ಈಗ ನಿಮಗೆ ಸ್ವಲ್ಪ ದಣಿವು ಅನುಭವವಾಗುವುದು ಸಹಜ. ದಯವಿಟ್ಟು ನಿಮ್ಮ ದೇಹಕ್ಕೆ ಇಂದು ಅದು ಕೇಳುತ್ತಿರುವ ವಿಶ್ರಾಂತಿಯನ್ನು ನೀಡಿ.,"That is good to hear, [Name]. I am glad you have some energy today."
Physical,ತಂಬಾಕು ಸೇವನೆ,"ನೀವು ಈಗ ಸಿಗರೇಟ್, ಬೀಡಿ, ಗುಟ್ಕಾ, ಪಾನ್ ಅಥವಾ ಅಗಿಯುವ ತಂಬಾಕನ್ನು ಬಳಸುತ್ತೀರಾ?","ಒಬ್ಬ ವ್ಯಕ್ತಿಯು ತಾವು ಬೇಸರ ಅಥವಾ ಒತ್ತಡಕ್ಕೆ ಒಳಗಾದಾಗ ಗುಟ್ಕಾ, ಪಾನ್ ಅಥವಾ ಅಗಿಯುವ ತಂಬಾಕನ್ನು ಬಳಸಬಹುದು ಎಂದು ಹಂಚಿಕೊಂಡರು. ಅವರು, ""ಗುಟ್ಕಾ, ಪಾನ್ ಮತ್ತು ಅಗಿಯುವ ತಂಬಾಕಿನ ಬಳಕೆ"" ಎಂದು ಹೇಳಿದರು.",ತಿಳಿಸಿದ್ದಕ್ಕಾಗಿ ಧನ್ಯವಾದಗಳು[Name].,"That is good to hear,, [Name]. I’m glad you’re taking care of your health."
Physical,ಮಾದಕ ವಸ್ತು ಸೇವನೆ,"[Name]ಕೆಲವೊಮ್ಮೆ ಜನರು ಬೇಸರ ಅಥವಾ ಒತ್ತಡದಲ್ಲಿದ್ದಾಗ ವೈದ್ಯರು ಶಿಫಾರಸು ಮಾಡದ ಮದ್ಯ ಅಥವಾ ಮಾತ್ರೆಗಳನ್ನು ಬಳಸಬಹುದು. ಕಳೆದ ಒಂದು ವಾರದಲ್ಲಿ, ಉತ್ತಮವಾಗಿರಲು ನೀವು ಅಂತಹ ಯಾವುದನ್ನಾದರೂ ಬಳಸಬೇಕಾಗಿತ್ತೇ?","ಒಬ್ಬ ವ್ಯಕ್ತಿ ಹೀಗೆ ಹೇಳಿದರು: ತಮಗೆ ತೀವ್ರ ಅನಾರೋಗ್ಯವಿದ್ದಾಗ ಮತ್ತು ಮನಸ್ಸಿನಲ್ಲಿ ಅನೇಕ ಆಲೋಚನೆಗಳು ಸುಳಿದಾಡುತ್ತಿದ್ದಾಗ, ಸ್ವಲ್ಪ ನೆಮ್ಮದಿ ಪಡೆಯಲು ತಾವು ಮದ್ಯಪಾನ ಮಾಡಲು ಪ್ರಯತ್ನಿಸಿದರು. ಅವರು ಹೇಳಿದರು, ""ನನಗೆ ತೀವ್ರ ಅನಾರೋಗ್ಯವಿದ್ದ ಕಾರಣ ಮನಸ್ಸಿನಲ್ಲಿ ಅನೇಕ ಆಲೋಚನೆಗಳು ತುಂಬಿಕೊಂಡಿದ್ದವು; ಆ ಆಲೋಚನೆಗಳಿಂದ ಗಮನವನ್ನು ಬೇರೆಡೆಗೆ ಸೆಳೆಯಲು ನಾನು ಮದ್ಯಪಾನ ಮಾಡಲು ಬಯಸಿದೆ. ಹೌದು... ತಲೆಯಲ್ಲಿ ತುಂಬಿದ್ದ ಆಲೋಚನೆಗಳ ತೀವ್ರತೆಯನ್ನು ಕಡಿಮೆ ಮಾಡಿಕೊಳ್ಳುವ ಉದ್ದೇಶದಿಂದ ನಾನು ಮದ್ಯಪಾನ ಮಾಡಲು ಪ್ರಯತ್ನಿಸಿದೆ.""","ಇದು ಕಷ್ಟವಾಗಬಹುದು. ನೀವು ಒಬ್ಬಂಟಿಯಾಗಿಲ್ಲ, ಮತ್ತು ನಿಮಗೆ ಸಹಾಯ ಲಭ್ಯವಿದೆ.","[Name], I am glad to know that. Thank you for sharing this with me."
Physical,ಸ್ಮರಣಶಕ್ತಿ/ಏಕಾಗ್ರತೆ,[Name]ಕಳೆದ ಒಂದು ವಾರದಿಂದ ನಿಮಗೆ ವಿಷಯಗಳನ್ನು ನೆನಪಿಟ್ಟುಕೊಳ್ಳುವುದರಲ್ಲಿ ಅಥವಾ ಗಮನಹರಿಸುವುದರಲ್ಲಿ ತೊಂದರೆ ಇದೆಯೇ?,"ಕೀಮೋಥೆರಪಿಗೆ ಒಳಗಾದ ಒಬ್ಬ ವ್ಯಕ್ತಿಯು ತನಗೆ ವಿಷಯಗಳನ್ನು ನೆನಪಿಟ್ಟುಕೊಳ್ಳುವಲ್ಲಿ ತೊಂದರೆ ಇದೆ ಎಂದು ಹೇಳಿದರು. ""ಕ್ಯಾನ್ಸರ್ ಚಿಕಿತ್ಸೆಯ ಉದ್ದಕ್ಕೂ, ಇದ್ದಕ್ಕಿದ್ದಂತೆ, ನಿಮಗೆ ಯಾವುದೇ ನೆನಪು ಇರುವುದಿಲ್ಲ. ನೀವು ಒಂದು ಸ್ಥಳದಲ್ಲಿ ಕುಳಿತುಕೊಂಡು ನೀವು ಎಲ್ಲಿದ್ದೀರಿ ಎಂದು ಆಶ್ಚರ್ಯಪಡುತ್ತೀರಿ.",ಚಿಕಿತ್ಸೆಯ ಸಮಯದಲ್ಲಿ ಕೆಲವು ಜನರಿಗೆ ವಿಷಯಗಳನ್ನು ನೆನಪಿಟ್ಟುಕೊಳ್ಳುವಲ್ಲಿ ತೊಂದರೆ ಇರುತ್ತದೆ. ನೀವು ಒಬ್ಬಂಟಿಯಾಗಿಲ್ಲ.,"That is good to hear, [Name]. I am glad you are able to remember things and pay attention."
Physical,ಲೈಂಗಿಕ ಆರೋಗ್ಯ,"[Name]ಮುಂದಿನ ಪ್ರಶ್ನೆಯು ವೈಯಕ್ತಿಕವಾಗಿದೆ, ಆದರೆ ಚಿಕಿತ್ಸೆಯ ನಂತರ ಅನೇಕ ಜನರ ಸ್ಥಿತಿ ಬದಲಾಗುತ್ತದೆ. ನಿಮ್ಮ ಗಂಡ ಅಥವಾ ಸಂಗಾತಿಯ ಹತ್ತಿರ ಇರಲು ನಿಮಗೆ ಏನಾದರೂ ಸಮಸ್ಯೆ ಇದೆಯೇ?","ಕ್ಯಾನ್ಸರ್ ಚಿಕಿತ್ಸೆ ಪಡೆಯುತ್ತಿರುವ ಮಹಿಳೆಯೊಬ್ಬರು ತಮಗೆ ಯೋನಿಯ ಭಾಗದಲ್ಲಿ ಒಣಗಿದಂತಾಗುವುದು ಮತ್ತು ಉರಿತದ ಅನುಭವವಾಗುತ್ತಿದ್ದುದರ ಜೊತೆಗೆ, ತಮ್ಮ ಪತಿ ಅಥವಾ ಸಂಗಾತಿಯೊಂದಿಗೆ ಆಪ್ತವಾಗಿರುವ ಬಗ್ಗೆ ಯಾವುದೇ ಆಸಕ್ತಿ ಇರಲಿಲ್ಲ ಎಂದು ತಿಳಿಸಿದರು. ಅವರು, ""ಯೋನಿಯ ಭಾಗದಲ್ಲಿ ಒಣಗಿದಂತಾಗುವುದು - ಇಂದಿಗೂ ನನಗೆ ಆ ಸಮಸ್ಯೆ ಇದೆ. ನನಗೆ ಉರಿತದ ಅನುಭವವಾಗುತ್ತದೆ. ಜೊತೆಗೆ, ಲೈಂಗಿಕ ಕ್ರಿಯೆಯಲ್ಲಿ ಪಾಲ್ಗೊಳ್ಳುವ ಯಾವುದೇ ಬಯಕೆ ನನಗಿರಲಿಲ್ಲ; ಅದು ಸಂಪೂರ್ಣವಾಗಿ ಇಲ್ಲದಂತಾಗಿತ್ತು,"" ಎಂದು ಹೇಳಿದರು.",ಚಿಕಿತ್ಸೆಯ ನಂತರ ಈ ರೀತಿಯ ಬದಲಾವಣೆಗಳು ಸಂಭವಿಸಬಹುದು. ನೀವು ಒಬ್ಬಂಟಿಯಾಗಿಲ್ಲ[Name].,"That is good to hear, [Name]. I am glad things feel okay for you now."
Physical,ಆಹಾರದಲ್ಲಿ ಬದಲಾವಣೆಗಳು,"[Name]ಕಳೆದ ವಾರದಲ್ಲಿ, ನೀವು ಸಾಮಾನ್ಯಕ್ಕಿಂತ ಹೆಚ್ಚು ಅಥವಾ ಕಡಿಮೆ ತಿನ್ನುತ್ತಿದ್ದೀರಾ?","ಕ್ಯಾನ್ಸರ್ ಚಿಕಿತ್ಸೆ ಪಡೆಯುತ್ತಿದ್ದ ಒಬ್ಬ ಮಹಿಳೆ ತಮಗೆ ಅನೇಕ ಬಗೆಯ ಆಹಾರಗಳನ್ನು ಸೇವಿಸಲು ಸಾಧ್ಯವಾಗುತ್ತಿರಲಿಲ್ಲ ಎಂದು ಹೇಳಿದರು. ಅವರು ಅನ್ನ ಮತ್ತು ರವೆ ಗಂಜಿಯಂತಹ ಮೃದುವಾದ ಆಹಾರವನ್ನು ಮಾತ್ರ ಸೇವಿಸುತ್ತಿದ್ದರು. ಅವರು, ""ನನಗೆ ಬೇರೆ ಆಹಾರವನ್ನು ತಿನ್ನಲು ಸಾಧ್ಯವಾಗುತ್ತಿರಲಿಲ್ಲ. ನಾನು ಅನ್ನ ಮತ್ತು ರವೆ ಗಂಜಿಯನ್ನು ಮಾತ್ರ ಸೇವಿಸುತ್ತಿದ್ದೆ. ನಾನು ಯಾವುದೇ ಖಾರದ ಆಹಾರವನ್ನು ತಿನ್ನುತ್ತಿರಲಿಲ್ಲ. ಹಣ್ಣುಗಳನ್ನು ಮಾತ್ರ ಸೇವಿಸುತ್ತಿದ್ದೆ,"" ಎಂದು ಹೇಳಿದರು.
ಕ್ಯಾನ್ಸರ್ ಚಿಕಿತ್ಸೆ ಪಡೆಯುತ್ತಿದ್ದ ಮತ್ತೊಬ್ಬರು, ಬಾಯಿಯಲ್ಲಿನ ಹುಣ್ಣುಗಳು ಮತ್ತು ನೋವಿನಿಂದಾಗಿ ಆಹಾರ ಸೇವಿಸುವುದು ಕಷ್ಟಕರವಾಗಿತ್ತು ಎಂದು ತಿಳಿಸಿದರು. ಅವರು, ""ಬಾಯಿಯ ಹುಣ್ಣುಗಳು ಮತ್ತು ನೋವಿನ ಕಾರಣದಿಂದಾಗಿ ನಾನು ಆಹಾರವನ್ನು ಸೇವಿಸುತ್ತಿರಲಿಲ್ಲ,"" ಎಂದು ಹೇಳಿದರು.",ಕೆಲವು ದಿನಗಳು ತಿನ್ನುವುದು ಕಷ್ಟವಾಗಬಹುದು. ನೀವು ಸಣ್ಣ ಪ್ರಮಾಣದಲ್ಲಿ ಮೃದುವಾದ ಆಹಾರವನ್ನು ನಿಧಾನವಾಗಿ ತಿನ್ನಲು ಪ್ರಯತ್ನಿಸಬಹುದು.,That brings a smile to my face! Eating well can help your body stay strong.
Physical,ದೈಹಿಕ ಸಾಮರ್ಥ್ಯಗಳ ನಷ್ಟ ಅಥವಾ ಬದಲಾವಣೆ,"[Name]ಕಳೆದ ವಾರದಿಂದ, ನಡೆಯುವುದು, ಸ್ನಾನ ಮಾಡುವುದು ಅಥವಾ ಓಡಾಡುವುದು ಕಷ್ಟವಾಗುತ್ತಿದೆಯೇ?","ಕ್ಯಾನ್ಸರ್ ಚಿಕಿತ್ಸೆ ಪಡೆಯುತ್ತಿದ್ದ ಒಬ್ಬ ವ್ಯಕ್ತಿ ತಾನು ನಡೆಯಲು ತೊಂದರೆ ಹೊಂದಿದ್ದೇನೆ ಎಂದು ಹೇಳಿದರು. ಆಕೆ, ""ನಾನು ನಡೆಯಲು ಸಾಧ್ಯವಾಗಲಿಲ್ಲ ಆದರೆ ನಿಧಾನವಾಗಿ ಹೋಗುತ್ತಿದ್ದೆ"" ಎಂದಳು. 
 ಸ್ನಾನ ಮಾಡುವುದು ನಿಧಾನ ಮತ್ತು ಕಷ್ಟವಾಯಿತು ಎಂದು ಮತ್ತೊಬ್ಬರು ಹೇಳಿದರು. ಅವಳು, ""ನಾನು ಸ್ನಾನಕ್ಕೆ ಹೋದರೆ ಬಹಳ ಸಮಯ ತೆಗೆದುಕೊಳ್ಳುತ್ತಿತ್ತು, ನಿಧಾನವಾಗಿ ಮಾಡುತ್ತಿದ್ದೆ"" ಎಂದಳು.","[Name]ಧನ್ಯವಾದಗಳು, ತಿಳಿಸಿದ್ದಕ್ಕಾಗಿ. ಅದು ಸಂಪೂರ್ಣವಾಗಿ ಅರ್ಥವಾಗುವಂತಹದ್ದಾಗಿದೆ. ನೀವು ಸಮಯ ತೆಗೆದುಕೊಂಡರೆ ತೊಂದರೆಯಿಲ್ಲ. ನಿಮಗೆ ಅಗತ್ಯವಿದ್ದಾಗ ನಿಧಾನವಾಗಿ ಚಲಿಸಿ.","That is good to hear, [Name]. I am glad you are able to move around."
Emotional,ಆತಂಕ/ಉದ್ವಿಗ್ನತೆ,"[Name], ಕಳೆದ ಒಂದು ವಾರದಲ್ಲಿ ನಿಮಗೆ ತುಂಬಾ ಆತಂಕ ಅಥವಾ ಒತ್ತಡದ ಭಾವನೆ ಉಂಟಾಗಿದೆಯೇ? ನಿಮಗೆ ಆಯಾಸವೆನಿಸಿದರೆ, ನೀವು ವಿರಾಮ ತೆಗೆದುಕೊಂಡು ನಂತರ ಮುಂದುವರಿಸಬಹುದು.","ಕ್ಯಾನ್ಸರ್ ಹೊಂದಿರುವ ವ್ಯಕ್ತಿಯು ತನ್ನ ಅನಾರೋಗ್ಯದ ಬಗ್ಗೆ ತನ್ನ ಕುಟುಂಬಕ್ಕೆ ಹೇಳುವುದರ ಬಗ್ಗೆ ಚಿಂತಿತಳಾಗಿದ್ದಾಳೆ ಎಂದು ಹೇಳಿದಳು. ""ನನ್ನ ವೃದ್ಧಾಪ್ಯದಲ್ಲಿ ನನಗೆ ಕ್ಯಾನ್ಸರ್ ಇರುವುದು ತಿಳಿಸಿದರೆ ನನ್ನ ತಂದೆ-ತಾಯಿಗೆ ಮತ್ತು ಅತ್ತೆ-ಮಾವಂದಿರಿಗೆ ಆಗುವ ನೋವಿನ ಬಗ್ಗೆ ನನಗೆ ಚಿಂತೆಯಾಗಿತ್ತು.""",ನನಗೆ ಅರ್ಥವಾಯಿತು[Name]. ಚಿಂತೆ ಉಂಟಾಗುವುದು ಸಹಜ. ಒಂದು ನಿಧಾನವಾದ ಉಸಿರನ್ನು ತೆಗೆದುಕೊಂಡು ಒಂದು ಕ್ಷಣ ವಿಶ್ರಾಂತಿ ಪಡೆಯಿರಿ.,"That is good to hear, [Name]. I am glad you have been feeling calm."
Emotional,ದುಃಖ/ಖಿನ್ನತೆ,"ಕೆಲವೊಮ್ಮೆ ಜನರು ದುಃಖಿತರಾಗುತ್ತಾರೆ ಅಥವಾ ಖಿನ್ನರಾಗುತ್ತಾರೆ,[Name]. ಕಳೆದ ವಾರದಲ್ಲಿ, ನೀವು ಹೀಗೆ ಭಾವಿಸಿದ್ದೀರಾ?","ಕ್ಯಾನ್ಸರ್ ಚಿಕಿತ್ಸೆ ಪಡೆಯುತ್ತಿರುವ ಒಬ್ಬರು, ಕೂದಲು ಉದುರುವಿಕೆಯು ತಮಗೆ ಬೇಸರವನ್ನುಂಟುಮಾಡಿತು ಎಂದು ಹೇಳಿದರು. ಅವರು, ""ನನ್ನ ಹೆಚ್ಚಿನ ಕೂದಲು ಉದುರಲಾರಂಭಿಸಿತು. ಕೂದಲು ಉದುರುವುದನ್ನು ನೋಡಿ ನನಗೆ ಬೇಸರವಾಗುತ್ತಿತ್ತು,"" ಎಂದು ತಿಳಿಸಿದರು.
ಮತ್ತೊಬ್ಬರು ತಮಗೆ ಬೇಸರವಾಗುತ್ತಿತ್ತು ಮತ್ತು ತಮ್ಮ ಸುತ್ತಮುತ್ತಲಿನ ಎಲ್ಲವೂ ಬದಲಾದಂತೆ ಭಾಸವಾಗುತ್ತಿತ್ತು ಎಂದು ಹೇಳಿದರು. ಅವರು, ""ನಿಮಗೆ ಏನಾಗುತ್ತಿದೆ ಎಂಬುದು ತಿಳಿಯುವುದಿಲ್ಲ, ಎಲ್ಲವೂ ವಿಭಿನ್ನವಾಗಿದೆ ಎಂದು ಅನ್ನಿಸುತ್ತದೆ. ನನ್ನ ಕುಟುಂಬದವರಿಗೆ ಚೆನ್ನಾಗಿಲ್ಲ, ನನ್ನ ಪತಿಗೂ ಚೆನ್ನಾಗಿಲ್ಲ, ಹೀಗೆ ಇಡೀ ಕುಟುಂಬವೇ ಸರಿಯಿಲ್ಲ ಎಂಬ ಭಾವನೆ ಮೂಡುತ್ತದೆ. ಆದರೆ ವಾಸ್ತವದಲ್ಲಿ, ಮನೆಯ ಪರಿಸ್ಥಿತಿ ಸಾಮಾನ್ಯವಾಗಿಯೇ ಇರುತ್ತದೆ; ನೀವು ಮಾತ್ರ ಆ ಸಮಸ್ಯೆಯನ್ನು ಅನುಭವಿಸುತ್ತಿರುತ್ತೀರಿ,"" ಎಂದು ವಿವರಿಸಿದರು.",ಅಳುವುದು ಸರಿ. ನೀವು ಇದನ್ನು ಒಬ್ಬರೇ ಎದುರಿಸಬೇಕಾಗಿಲ್ಲ.,"That is good to hear, [Name]. I am glad you are feeling okay."
Emotional,ಆಸಕ್ತಿ ಅಥವಾ ಸಂತೋಷದ ಕೊರತೆ,"[Name]ನೀವು ಟಿ.ವಿ. ನೋಡುವುದು ಅಥವಾ ನೆರೆಹೊರೆಯವರೊಂದಿಗೆ ಮಾತನಾಡುವುದು ಮುಂತಾದ ವಿಷಯಗಳನ್ನು ನೀವು ಇಷ್ಟಪಡುವ ವಿಷಯಗಳ ಬಗ್ಗೆ ನಾನು ಕೇಳಬಯಸುತ್ತೇನೆ. ಕಳೆದ ವಾರದಲ್ಲಿ, ಈ ವಿಷಯಗಳನ್ನು ಆನಂದಿಸುತ್ತಿರಲಿಲ್ಲವೇ?","ಕ್ಯಾನ್ಸರ್ ಚಿಕಿತ್ಸೆ ಪಡೆಯುತ್ತಿರುವ ವ್ಯಕ್ತಿಯೊಬ್ಬರು ಟಿ.ವಿ. ನೋಡುವುದನ್ನೂ ಸಹ ಆನಂದಿಸಲು ಸಾಧ್ಯವಿಲ್ಲ ಎಂದು ಹೇಳಿದರು. ಅವಳು, ""ನಾನು ಟಿ.ವಿ. ನೋಡಲೂ ಸಾಧ್ಯವಾಗಲಿಲ್ಲ"" ಎಂದಳು.",ನನಗೆ ಅರ್ಥವಾಯಿತು. ಕೆಲವು ದಿನಗಳು ವಿಷಯಗಳನ್ನು ಆನಂದಿಸುವುದು ಕಷ್ಟ. ದಯವಿಟ್ಟು ನಿಧಾನವಾಗಿ ತೆಗೆದುಕೊಳ್ಳಿ.,"That is good to hear, [Name]. I am glad you are able to enjoy things you like."
Emotional,ದುಃಖ ಅಥವಾ ನಷ್ಟ,"[Name]ಕಳೆದ ವಾರದಲ್ಲಿ, ನೀವು ಯಾವುದಾದರೂ ಮುಖ್ಯವಾದ ವ್ಯಕ್ತಿಯನ್ನು ಅಥವಾ ವಸ್ತುವನ್ನು ಕಳೆದುಕೊಂಡ ಕಾರಣ ನೀವು ಖಿನ್ನರಾಗಿದ್ದೀರಾ?","ಕ್ಯಾನ್ಸರ್ ಹೊಂದಿರುವ ವ್ಯಕ್ತಿಯು ತನ್ನ ಏನಾಗಬಹುದು ಎಂಬ ಬಗ್ಗೆ ಆಳವಾದ ದುಃಖ ಮತ್ತು ಚಿಂತೆಯನ್ನು ಅನುಭವಿಸಿದಳು. ""ನಾನು ಚಿಂತಾಕ್ರಾಂತಳಾಗಿದ್ದರಿಂದ ನಾನು ಅಳುತ್ತಿದ್ದೆ"" ಎಂದು ಆಕೆ ಹೇಳಿದಳು.",ದುಃಖವಾಗುವುದು ಸಹಜ. ನಿಧಾನವಾಗಿ ಉಸಿರಾಡಿ ಸ್ವಲ್ಪ ವಿಶ್ರಾಂತಿ ಪಡೆಯಿರಿ.,"That is good to hear, [Name]. I am glad you are feeling okay now."
Emotional,ಭಯ,"[Name]ಕಳೆದ ವಾರದಲ್ಲಿ, ಮುಂದೆ ಏನಾಗಬಹುದು ಎಂಬ ಭಯವು ನಿಮಗೆ ಉಂಟಾಗಿದೆಯೇ?","ಕ್ಯಾನ್ಸರ್ ಹೊಂದಿರುವ ವ್ಯಕ್ತಿಯು ತಾನು ಈ ಹಿಂದೆ ಎಂದಿಗೂ ಶಸ್ತ್ರಚಿಕಿತ್ಸೆ ಮಾಡಿಸಿಕೊಂಡಿರದ ಕಾರಣ ತುಂಬಾ ಭಯಗೊಂಡಿದ್ದೇನೆ ಎಂದು ಹೇಳಿದರು. ಆಕೆ, ""ನಾನು ನನ್ನ ಜೀವಿತಾವಧಿಯಲ್ಲಿ ಯಾವುದೇ ಶಸ್ತ್ರಚಿಕಿತ್ಸೆಗೆ ಒಳಗಾಗದ ಕಾರಣ ನಾನು ಹೆದರಿಕೊಂಡಿದ್ದೆ."" ಎಂದರು. ಈ ಭಯದಿಂದ ನನ್ನ ರಕ್ತದೊತ್ತಡ ಮತ್ತು ಗ್ಲುಕೋಸ್ ಮಟ್ಟ ಹೆಚ್ಚಾಯಿತು.","ಭಯವಾಗುವುದು ಸಹಜ. ನೀವು ಇದರಲ್ಲಿ ಒಬ್ಬಂಟಿಯಾಗಿಲ್ಲ, ನಿಮ್ಮನ್ನು ಬೆಂಬಲಿಸಲು ನಾವಿದ್ದೇವೆ.","That is good to hear, [Name]. I am glad you are not feeling scared now."
Emotional,ಏಕಾಂಗಿತನ,ಸುತ್ತಮುತ್ತ ಜನ ಇದ್ದಾಗಲೂ ನಾವು ತುಂಬಾ ಏಕಾಂಗಿ ಎಂಬ ಭಾವನೆ ಬರಬಹುದು.[Name]ಕಳೆದ ವಾರದಲ್ಲಿ ನೀವು ಒಂಟಿತನವನ್ನು ಅನುಭವಿಸಿದ್ದೀರಾ?,"ಕ್ಯಾನ್ಸರ್ ಹೊಂದಿರುವ ವ್ಯಕ್ತಿಯು ತಾನು ಕುಟುಂಬವನ್ನು ಹೊಂದಿದ್ದರೂ ಮನೆಯಲ್ಲಿ ತುಂಬಾ ಒಂಟಿಯಾಗಿದ್ದೇನೆ ಎಂದು ಹೇಳಿದಳು. ಆಕೆ, ""ನಾನು ಮನೆಯಲ್ಲಿ ತುಂಬಾ ಒಂಟಿಯಾಗಿದ್ದೆ"" ಎಂದಳು.",ನೀವು ಏಕಾಂಗಿಯಾಗಿದ್ದಕ್ಕೆ ನನಗೆ ಬೇಸರವಾಗಿದೆ[Name]. ನೀವು ಒಬ್ಬಂಟಿಯಾಗಿಲ್ಲ. ನಾನು ಕೇಳಲು ಇಲ್ಲಿದ್ದೇನೆ.,That is so nice. I am glad you have people to talk to.
Emotional,ಕೋಪ,"[Name]ಕಳೆದ ವಾರದಲ್ಲಿ, ನೀವು ಕೋಪಗೊಂಡಿದ್ದೀರಾ ಅಥವಾ ಸುಲಭವಾಗಿ ಅಸಮಾಧಾನಗೊಂಡಿದ್ದೀರಾ?","ಕೀಮೋಥೆರಪಿ ಪಡೆಯುತ್ತಿದ್ದ ಮಹಿಳೆಯೊಬ್ಬರು, ಚಿಕಿತ್ಸೆಯ ನಂತರ ತಮ್ಮ ದೇಹಕ್ಕೆ ಅಸ್ವಸ್ಥತೆ ಅಥವಾ ಮುಜುಗರದ ಅನುಭವವಾಗುತ್ತಿತ್ತು ಮತ್ತು ಇದರಿಂದಾಗಿ ತಮ್ಮ ಕುಟುಂಬದವರ ಮೇಲೆ ಕೋಪ ಬರುತ್ತಿತ್ತು ಎಂದು ಹೇಳಿದರು. ಅವರು, ""ನನಗೆ ತುಂಬಾ ಕೋಪ ಬರುತ್ತಿತ್ತು ಮತ್ತು ನಾನು ನನ್ನ ಕುಟುಂಬದವರೆಲ್ಲರೊಂದಿಗೆ ಕೋಪದಿಂದ ಮಾತನಾಡುತ್ತಿದ್ದೆ,"" ಎಂದು ತಿಳಿಸಿದರು.","ಕೋಪಗೊಳ್ಳುವುದು ಸಹಜ,[Name]. ನೀವು ಆರೋಗ್ಯವಾಗಿರದಿದ್ದಾಗ, ಶಾಂತವಾಗಿರಲು ಕಷ್ಟವಾಗುತ್ತದೆ. ತಿಳಿಸಿದ್ದಕ್ಕಾಗಿ ಧನ್ಯವಾದಗಳು.","That is good to hear, [Name]. I am glad you are feeling calm now."
Emotional,ನೋಟದಲ್ಲಿನ ಬದಲಾವಣೆಗಳು,"[Name]ಚಿಕಿತ್ಸೆ ನೀಡಿದರೆ ನಮ್ಮ ನೋಟ ಬದಲಾಗಬಹುದು. ಕಳೆದ ವಾರದಲ್ಲಿ, ನೀವು ಹೇಗೆ ಕಾಣುತ್ತೀರಿ ಎಂಬ ಬಗ್ಗೆ ನೀವು ದುಃಖಿತರಾಗಿದ್ದೀರಾ?","ಕ್ಯಾನ್ಸರ್ ಚಿಕಿತ್ಸೆಗೆ ಒಳಗಾದ ಒಬ್ಬ ವ್ಯಕ್ತಿಯು ತನ್ನ ನೋಟದಲ್ಲಿನ ಬದಲಾವಣೆಗಳು ತನ್ನನ್ನು ಭಯಭೀತಗೊಳಿಸಿ ಅಸಮಾಧಾನಗೊಳಿಸಿವೆ ಎಂದು ಹೇಳಿದರು. ಅವಳು ಹೇಳಿದಳು, ""ನಾನು ಹಾಸಿಗೆಯಿಂದ ಎದ್ದಾಗ, ಹೆಚ್ಚಿನ ಕೂದಲು ಬಿದ್ದಿರುತ್ತಿತ್ತು. ಅದನ್ನು ನೋಡಿದರೆ ನನಗೆ ಭಯವಾಗುತ್ತದೆ.",ನೀವು ಕಾಣುವ ರೀತಿಯಲ್ಲಿ ಆಗುವ ಬದಲಾವಣೆಗಳು ಕಷ್ಟವೆನಿಸಬಹುದು. ನೀವು ಇನ್ನೂ ಅದೇ ಸುಂದರವಾದ ನೀವು.,"That is good to hear, [Name]. I am glad you are feeling okay about how you look."
Emotional,ನಿಷ್ಪ್ರಯೋಜಕತೆಯ ಅಥವಾ ಹೊರೆಯಾಗುವ ಭಾವನೆಗಳು,"[Name]ಕಳೆದ ವಾರದಲ್ಲಿ, ನಿಮ್ಮಿಂದ ನಿಮ್ಮ ಕುಟುಂಬಕ್ಕೆ ತೊಂದರೆ ಆಗುತ್ತಿದೆ ಎಂದು ನಿಮಗೆ ಅನಿಸಿದೆಯೇ?","ಕ್ಯಾನ್ಸರ್ ಪೀಡಿತ ಮಹಿಳೆಯೊಬ್ಬರು, ತಮ್ಮ ಕಾಯಿಲೆಯಿಂದಾಗಿ ಇಡೀ ಕುಟುಂಬವೇ ಬಾಧಿತವಾಗಿದೆ ಎಂದು ತಮಗೆ ಅನ್ನಿಸಿತೆಂದು ಹೇಳಿದರು. ಅವರು, ""ಇದು ಕೇವಲ ನನಗಾದದ್ದಲ್ಲ; ಎಲ್ಲರೂ ಇದನ್ನು ಎದುರಿಸಬೇಕಾಗುತ್ತದೆ"" ಎಂದು ನುಡಿದರು.","[Name], ನಿಮ್ಮ ಕುಟುಂಬಕ್ಕಾಗಿ ಎಲ್ಲವನ್ನೂ ಮಾಡಲು ಸಾಧ್ಯವಾಗದಿದ್ದರೂ ಸಹ ನೀವು ಮುಖ್ಯರಾಗಿದ್ದೀರಿ.","That is good to hear, [Name]. I am glad you are not feeling this way now."
Social,ಸಂಗಾತಿ/ಸಂಗಾತಿಯೊಂದಿಗಿನ ಸಂಬಂಧ,"ಕಳೆದ ವಾರದಲ್ಲಿ, ನಿಮ್ಮ ಗಂಡ ಅಥವಾ ಸಂಗಾತಿಯೊಂದಿಗೆ ಕಷ್ಟವಾಗಿದೆಯೇ?","ಕ್ಯಾನ್ಸರ್ ಪೀಡಿತ ಮಹಿಳೆಯೊಬ್ಬರು, ತಮಗೆ ನೋವಿದ್ದಾಗ ತಮ್ಮ ಪತಿ ತಮಗೆ ಬೆಂಬಲ ನೀಡುತ್ತಿದ್ದರು ಎಂದು ಹೇಳಿದರು. ಅವರು ಹೀಗೆಂದರು: ""ಕೆಲವೊಮ್ಮೆ ನೋವನ್ನು ಸಹಿಸಿಕೊಳ್ಳಲಾಗದೆ ನಾನು ಅವರನ್ನು ಅಪ್ಪಿಕೊಂಡು ಅಳುತ್ತಿದ್ದೆ; ಆಗ ಅವರು ನನ್ನನ್ನು ಬಿಗಿಯಾಗಿ ಹಿಡಿದುಕೊಂಡು, 'ಏನೂ ಪರವಾಗಿಲ್ಲ, ಎಲ್ಲವೂ ಸರಿಯಾಗುತ್ತದೆ' ಎಂದು ಸಮಾಧಾನ ಹೇಳುತ್ತಿದ್ದರು.""",ಅನಾರೋಗ್ಯವು ಮನೆಯಲ್ಲಿ ಪರಿಸ್ಥಿತಿಯನ್ನು ಕಷ್ಟಕರವಾಗಿಸಬಹುದು. ದಯವಿಟ್ಟು ಒಂದೊಂದೇ ಹೆಜ್ಜೆಯನ್ನು ಇಡಿ.,"That is good to hear, [Name]. Having a loving partner/husband makes everything a little easier."
Social,ಮಕ್ಕಳೊಂದಿಗಿನ ಸಂಬಂಧ,ಕಳೆದ ವಾರ ನಿಮ್ಮ ಮಕ್ಕಳೊಂದಿಗೆ ಇದು ಕಷ್ಟಕರವಾಗಿದೆಯೇ?,"ಕ್ಯಾನ್ಸರ್ ಪೀಡಿತ ಮಹಿಳೆಯೊಬ್ಬರು, ತಮಗೆ ಸುಸ್ತು ಮತ್ತು ಹೊಟ್ಟೆಯಲ್ಲಿ ಉರಿ ಉಂಟಾದಾಗ ತಮ್ಮ ಮಕ್ಕಳು ಸಹಾಯ ಮಾಡುತ್ತಿದ್ದರು ಎಂದು ಹೇಳಿದರು. ""ನನ್ನ ಮಕ್ಕಳು ನಾನು ಕುಡಿಯಲು ಮಜ್ಜಿಗೆಯನ್ನು ತಯಾರಿಸಿಕೊಡುತ್ತಿದ್ದರು,"" ಎಂದು ಅವರು ತಿಳಿಸಿದರು. 
ಕ್ಯಾನ್ಸರ್ ಪೀಡಿತ ಮಹಿಳೆಯೊಬ್ಬರು, ತಮ್ಮ ಮಕ್ಕಳೊಂದಿಗಿನ ಪರಿಸ್ಥಿತಿ ಕಷ್ಟಕರವಾಗಿದ್ದರೂ ತಾವು ಅವರನ್ನು ಪ್ರೀತಿಸುತ್ತಲೇ ಇರುವುದಾಗಿ ಹೇಳಿದರು. ""ಈಗ ನನ್ನ ಮಕ್ಕಳು ನನ್ನೊಂದಿಗೆ ಅಷ್ಟೊಂದು ಚೆನ್ನಾಗಿ ನಡೆದುಕೊಳ್ಳುತ್ತಿಲ್ಲವಾದರೂ, ಅವರು ನನ್ನವರೇ,"" ಎಂದು ಅವರು ಹೇಳಿದರು.",ನಿಮ್ಮ ಮಕ್ಕಳೊಂದಿಗಿನ ಪರಿಸ್ಥಿತಿ ಸುಲಭವಾಗಿಲ್ಲದಿದ್ದಾಗ ಅದು ಕಷ್ಟಕರವಾಗಿರಬಹುದು.,"That is good to hear, [Name]. I am glad things are okay with your children."
Social,ಕುಟುಂಬದ ಸದಸ್ಯರೊಂದಿಗಿನ ಸಂಬಂಧ,"ಚಿಕ್ಕ ಮಕ್ಕಳಲ್ಲದೆ, ನಾವು ನಮ್ಮ ದಿನಗಳನ್ನು ನಮ್ಮ ಸುತ್ತಮುತ್ತಲಿನ ಇತರ ಜನರೊಂದಿಗೆ ಮಾತನಾಡುತ್ತಾ ಕಳೆಯುತ್ತೇವೆ.[Name]ಕಳೆದ ವಾರ ನಿಮ್ಮ ಕುಟುಂಬದವರ ಜೊತೆ ಸ್ವಲ್ಪ ಕಷ್ಟವಾಗಿದೆಯಾ?","ಕ್ಯಾನ್ಸರ್ ಹೊಂದಿರುವ ಒಬ್ಬ ವ್ಯಕ್ತಿಯು ತನ್ನ ಕುಟುಂಬವು ತನ್ನನ್ನು ನೋಡಿಕೊಳ್ಳಲು ಸಹಾಯ ಮಾಡಿದೆ ಎಂದು ಹೇಳಿದರು. ಆಕೆಯ ತಂದೆ, ತಾಯಿ, ಗಂಡ ಮತ್ತು ಮಗ ಎಲ್ಲರೂ ವಿಭಿನ್ನ ರೀತಿಯಲ್ಲಿ ಆಕೆಗೆ ಬೆಂಬಲ ನೀಡಿದರು. ಆಕೆ, ""ನಾಲ್ವರೂ ನನ್ನ ಆರೈಕೆಯ ಜವಾಬ್ದಾರಿಯನ್ನು ಹಂಚಿಕೊಳ್ಳುತ್ತಿದ್ದರು"" ಎಂದಳು.","ನಿಮ್ಮ ದೇಹವು ದಣಿದಿರುವಾಗ, ಕುಟುಂಬದೊಂದಿಗೆ ಇರುವುದು ಕಷ್ಟವೆನಿಸಬಹುದು. ನಿಮಗೆ ವಿಶ್ರಾಂತಿ ಅಗತ್ಯವಿದ್ದಾಗ ದಯವಿಟ್ಟು ವಿಶ್ರಾಂತಿ ಪಡೆಯಿರಿ.","That is good to hear, [Name]. I am glad things are okay with your family members."
Social,ಸ್ನೇಹಿತರು/ಸಹ ಕಾರ್ಯಕರ್ತರೊಂದಿಗಿನ ಸಂಬಂಧ,[Name]ಕಳೆದ ವಾರದಲ್ಲಿ ನಿಮ್ಮ ಸ್ನೇಹಿತರೊಂದಿಗೆ ಅಥವಾ ಕೆಲಸದಲ್ಲಿ ಎಲ್ಲಾದರೂ ಕಷ್ಟವಾಗಿದೆಯೇ?,"ಕೀಮೋಥೆರಪಿ ಪಡೆಯುತ್ತಿರುವ ಮಹಿಳೆಯೊಬ್ಬರು, ತಮ್ಮ ಸ್ನೇಹಿತರು ಬಂದು ಭೇಟಿ ನೀಡಿ, ಆಹಾರವನ್ನು ತಂದು, ಸಕಾರಾತ್ಮಕ ಮಾತುಗಳನ್ನಾಡಿದರು ಎಂದು ಹೇಳಿದರು. ""ನಾನು ಕೀಮೋಥೆರಪಿಗಾಗಿ ದಾಖಲಾಗಿದ್ದಾಗ ಅವರು (ಸ್ನೇಹಿತರು) ನನ್ನನ್ನು ಭೇಟಿ ಮಾಡಲು ಬಂದಿದ್ದರು,"" ಎಂದು ಅವರು ತಿಳಿಸಿದರು.",ನಿಮ್ಮ ಸುತ್ತಮುತ್ತಲಿನವರೊಂದಿಗೆ ಪರಿಸ್ಥಿತಿ ಸುಗಮವಾಗಿಲ್ಲದಿದ್ದಾಗ ಅದು ಕಷ್ಟಕರವೆನಿಸಬಹುದು. ದಯವಿಟ್ಟು ನಿಧಾನವಾಗಿ ಮುಂದುವರಿಯಿರಿ.,"That is good to hear, [Name]. I am glad things are okay with people around you."
Social,ಆರೋಗ್ಯ ರಕ್ಷಣಾ ತಂಡದೊಂದಿಗೆ ಸಂವಹನ,"[Name]ಕಳೆದ ವಾರದಲ್ಲಿ, ನಿಮ್ಮ ವೈದ್ಯರು ಅಥವಾ ದಾದಿಯರೊಂದಿಗೆ ಮುಕ್ತವಾಗಿ ಮಾತನಾಡಲು ಕಷ್ಟವಾಯಿತೇ?","ಕ್ಯಾನ್ಸರ್ ಪೀಡಿತ ಮಹಿಳೆಯೊಬ್ಬರು, ಚಿಕಿತ್ಸೆಯ ಸಂಪೂರ್ಣ ವೆಚ್ಚದ ಕುರಿತು ವೈದ್ಯರಿಂದ ತಮಗೆ ಸಾಕಷ್ಟು ಮಾಹಿತಿ ಸಿಗಲಿಲ್ಲ ಎಂದು ಹೇಳಿದರು. ಅವರು ಹೀಗೆಂದರು: ""ಅವರು ಕೇವಲ 'ಮುಂದಿನ ಕೀಮೋ ಚಿಕಿತ್ಸೆಗಾಗಿ ಈ ದಿನ ಬನ್ನಿ' ಎಂದು ಮಾತ್ರ ಹೇಳಿದರು. ಒಂದು ಕೀಮೋಗೆ ಸುಮಾರು ₹25,000 ವೆಚ್ಚವಾಗುತ್ತದೆ ಎಂದು ಅವರು ತಿಳಿಸಿದ್ದರು, ಆದರೆ ಸಂಪೂರ್ಣ ಚಿಕಿತ್ಸೆಗೆ ಎಷ್ಟು ವೆಚ್ಚವಾಗುತ್ತದೆ ಎಂಬುದನ್ನು ನಮಗೆ ಹೇಳಿರಲಿಲ್ಲ. ನನಗೆ ಆ ಸೀಮಿತ ಮಾಹಿತಿಯು ಸಾಕಾಗಲಿಲ್ಲ.""
ಮತ್ತೊಬ್ಬ ಕ್ಯಾನ್ಸರ್ ಪೀಡಿತ ಮಹಿಳೆ, ತಮ್ಮ ವೈದ್ಯರು ಕಾಯಿಲೆ ಮತ್ತು ಚಿಕಿತ್ಸೆಯ ಬಗ್ಗೆ ಸ್ಪಷ್ಟವಾಗಿ ವಿವರಿಸಿದರು ಎಂದು ಹೇಳಿದರು. ಅವರು ಹೀಗೆಂದರು: ""ಅವರು ನನಗೆ ಪ್ರತಿಯೊಂದು ವಿಷಯವನ್ನೂ ವಿವರಿಸಿದರು. ರೋಗನಿರ್ಣಯ ಮತ್ತು ಚಿಕಿತ್ಸೆಯ ಬಗ್ಗೆ ನನಗೆ ತಿಳಿಸಿದರು. ಅವರು ನನ್ನನ್ನು ಎಲ್ಲ ರೀತಿಯಿಂದಲೂ ಸಿದ್ಧಪಡಿಸಿದರು.""",ಸ್ಪಷ್ಟ ಉತ್ತರಗಳು ಬೇಕು ಎಂದರೆ ಒಳ್ಳೆಯದು. ಏನಾದರೂ ಸ್ಪಷ್ಟವಾಗಿಲ್ಲದಿದ್ದರೆ ದಯವಿಟ್ಟು ನಿಮ್ಮ ವೈದ್ಯರು ಅಥವಾ ದಾದಿಯರನ್ನು ಕೇಳಿ.,"That is good to hear, [Name]. I am glad you can talk freely with your doctors and nurses."
Social,ಮಕ್ಕಳನ್ನು ಪಡೆಯುವ ಸಾಮರ್ಥ್ಯ,"ಭವಿಷ್ಯದ ಬಗ್ಗೆ ಮತ್ತು ಕುಟುಂಬದ ಬಗ್ಗೆ ಯೋಚಿಸುವುದು ಸಹಜ.[Name]ಕಳೆದ ವಾರದಲ್ಲಿ, ಭವಿಷ್ಯದಲ್ಲಿ ಮಕ್ಕಳನ್ನು ಪಡೆಯುವ ಬಗ್ಗೆ ನೀವು ಚಿಂತಿತರಾಗಿದ್ದೀರಾ?","ಕ್ಯಾನ್ಸರ್ ಹೊಂದಿರುವ ವ್ಯಕ್ತಿಯು ಚಿಕಿತ್ಸೆಯು ತನ್ನ ಮಕ್ಕಳಾಗುವ ಸಾಧ್ಯತೆಯ ಮೇಲೆ ಪರಿಣಾಮ ಬೀರಬಹುದು ಎಂದು ಹೇಳಿದರು, ಆದರೆ ಆಕೆ ಬದುಕುವುದರ ಮೇಲೆ ಗಮನ ಕೇಂದ್ರೀಕರಿಸಲು ನಿರ್ಧರಿಸಿದರು. ""ಆಂಕೊಲಾಜಿಸ್ಟ್ ನನಗೆ ಹಾರ್ಮೋನ್ ಚಿಕಿತ್ಸೆಯನ್ನು ತೆಗೆದುಕೊಳ್ಳಬೇಕು ಎಂದು ಹೇಳಿದರು, ಮತ್ತು ಇದು ನನ್ನ ಗರ್ಭಧರಿಸುವ ಸಾಧ್ಯತೆಗಳನ್ನು ಕಡಿಮೆ ಮಾಡುತ್ತದೆ. ನಾನು ಯೋಚಿಸಿದೆ, 'ನನ್ನನ್ನು ಬದುಕಿಸಬೇಕಾದರೆ, ನಾನು ಗರ್ಭಧರಿಸಬಾರದು. ನಾನು ಗರ್ಭಧರಿಸುವುದಾದರೆ, ನಾನು ಸ್ವತಃ ನನ್ನ ಮೇಲೆ ಸಂಪೂರ್ಣ ಅಪಾಯವನ್ನು ತೆಗೆದುಕೊಳ್ಳುತ್ತಿದ್ದೇನೆ. ಹಾಗಾದರೆ ನಾನು, ನಾನು ಗರ್ಭಧರಿಸಲು ಸಾಧ್ಯವಾಗದಿದ್ದರೆ ಏನು? ಎಂದು ನಿರ್ಧರಿಸಿದೆ. ನಾನು ಬದುಕಬೇಕೆಂದಿದ್ದೇನೆ.'",ಮಕ್ಕಳನ್ನು ಹೊಂದುವುದರ ಬಗ್ಗೆ ಚಿಂತಿಸುವುದು ತುಂಬಾ ಕಷ್ಟವಾಗಬಹುದು. ಹೀಗೆ ಭಾವಿಸುವುದು ಸರಿಯೇ.,"That is okay, [Name]. Thank you for telling me."
Social,ಪೂರ್ವಾಗ್ರಹ ಅಥವಾ ತಾರತಮ್ಯ,"[Name]ಕಳೆದ ವಾರದಲ್ಲಿ, ನಿಮ್ಮ ಅನಾರೋಗ್ಯದ ಕಾರಣದಿಂದಾಗಿ ಯಾರಾದರೂ ನಿಮ್ಮನ್ನು ಕೆಟ್ಟದಾಗಿ ನಡೆಸಿಕೊಂಡಿದ್ದಾರೆಯೇ?","ಕ್ಯಾನ್ಸರ್ ಪೀಡಿತ ವ್ಯಕ್ತಿಯೊಬ್ಬರು, ಜನರು ತಮ್ಮ ಕಾಯಿಲೆಯನ್ನು ಕೇವಲ ಗಾಸಿಪ್‌ (ಹರಟೆ) ವಿಷಯವನ್ನಾಗಿ ಪರಿಗಣಿಸಿ ತಮ್ಮನ್ನು ಟೀಕಿಸುತ್ತಿದ್ದರು ಎಂದು ಹೇಳಿದರು. ಅವರು, ""ಜನರು ಗುಂಪುಗೂಡಿ ನನ್ನ ಬಗ್ಗೆ ಮಾತನಾಡುತ್ತಿದ್ದರು... ಅವರಲ್ಲಿ ಕೆಲವರು ಇದು ಒಂದು ಶಿಕ್ಷೆ ಎಂದೂ ಹೇಳುತ್ತಿದ್ದರು,"" ಎಂದು ತಿಳಿಸಿದರು..",ಅವರು ಮಾಡಿರುವುದು ನಿಮ್ಮ ತಪ್ಪಲ್ಲ. ನೀವು ಏನೂ ತಪ್ಪು ಮಾಡಿಲ್ಲ.,"That is good to hear, [Name]. I am glad people are treating you well."
Practical,ನನ್ನ ಆರೈಕೆ ಮಾಡಿಕೊಳ್ಳುವುದು,"[Name]ಕಳೆದ ಒಂದು ವಾರದಲ್ಲಿ, ನೀವೇ ಸ್ವತಃ ಸ್ನಾನ ಮಾಡಲು, ಬಟ್ಟೆ ಧರಿಸಲು ಅಥವಾ ಊಟ ಮಾಡಲು ಕಷ್ಟವಾಗಿದೆಯೇ? ನಿಮಗೆ ಬೇಕೆನಿಸಿದರೆ ನೀವು ಯಾವಾಗಲಾದರೂ ವಿರಾಮ ತೆಗೆದುಕೊಳ್ಳಬಹುದು","ಕ್ಯಾನ್ಸರ್ ಹೊಂದಿರುವ ವ್ಯಕ್ತಿಯು ತನ್ನ ದೈನಂದಿನ ಅಗತ್ಯಗಳಿಗಾಗಿ ತನ್ನ ಕುಟುಂಬದಿಂದ ಸಹಾಯ ಬೇಕು ಎಂದು ಹೇಳಿದಳು. ""ಸ್ನಾನ ಮಾಡಲು, ಬಟ್ಟೆ ಬದಲಾಯಿಸಲು ಮತ್ತು ತಿನ್ನಲು ನನಗೆ ನನ್ನ ಕುಟುಂಬದ ಸಹಾಯ ಬೇಕು"" ಎಂದು ಆಕೆ ಹೇಳಿದಳು. 
 ಕ್ಯಾನ್ಸರ್ ಹೊಂದಿರುವ ವ್ಯಕ್ತಿಯು ಹಾಸಿಗೆಯಿಂದ ಎದ್ದು ಕುಳಿತುಕೊಳ್ಳಲು ಬಹಳ ಸಮಯ ತೆಗೆದುಕೊಂಡಿತು ಎಂದು ಹೇಳಿದರು. ""ಮಲಗುವಿಕೆಯಿಂದ ಎದ್ದೇಳಲು ಮತ್ತು ಕುಳಿತುಕೊಳ್ಳಲು ಸುಮಾರು 20-25 ನಿಮಿಷಗಳು ಬೇಕಾಗುತ್ತದೆ"" ಎಂದು ಆಕೆ ಹೇಳಿದರು.",ನಿಮ್ಮ ದೇಹಕ್ಕೆ ವಿಶ್ರಾಂತಿ ಅಗತ್ಯವಿದೆ. ದಯವಿಟ್ಟು ನಿಮಗೆ ಸಾಧ್ಯವಾದಷ್ಟು ಮಾತ್ರ ಮಾಡಿ.,"That is good to hear, [Name]. I am glad you can take care of yourself."
Practical,ಇತರರ ಕಾಳಜಿ,[Name]ಕಳೆದ ವಾರದಲ್ಲಿ ಮನೆಯಲ್ಲಿ ಇತರರನ್ನು ನೋಡಿಕೊಳ್ಳುವುದು ಕಷ್ಟವಾಗಿದೆಯೇ?,"ಕ್ಯಾನ್ಸರ್ ಪೀಡಿತ ಮಹಿಳೆಯೊಬ್ಬರು, ತಮಗೆ ಮೊದಲಿನಂತೆ ಹೆಚ್ಚು ಕೆಲಸ ಮಾಡಲು ಸಾಧ್ಯವಾಗದ ಕಾರಣ ತಮ್ಮ ಪತಿ ಮಗಳ ಬಗ್ಗೆ ಹೆಚ್ಚಿನ ಕಾಳಜಿ ವಹಿಸುತ್ತಿದ್ದಾರೆ ಎಂದು ಹೇಳಿದರು. ""ಈ ಸಮಯದಲ್ಲಿ ನನ್ನ ಪತಿ ನನ್ನಗಿಂತ ಹೆಚ್ಚಾಗಿ ನನ್ನ ಮಗಳ ಆರೈಕೆ ಮಾಡುತ್ತಾರೆ,"" ಎಂದು ಅವರು ತಿಳಿಸಿದರು.","ನೀವು ಅನಾರೋಗ್ಯದಿಂದ ಬಳಲುತ್ತಿರುವಾಗ, ಮನೆಯಲ್ಲಿ ಬೇರೆಯವರನ್ನು ಸಹಾಯ ಮಾಡಲು ಬಿಡುವುದು ಒಳ್ಳೆಯದು.","That is good to hear, [Name]. I am glad you are able to take care of others at home."
Practical,ಸುರಕ್ಷತೆ,"[Name]ಕಳೆದ ವಾರದಲ್ಲಿ, ಮನೆಯಲ್ಲಿ ಅಥವಾ ಹೊರಗೆ ನಿಮಗೆ ಅಸುರಕ್ಷಿತವೆನಿಸಿದೆಯೇ?","ಕ್ಯಾನ್ಸರ್ ಹೊಂದಿರುವ ವ್ಯಕ್ತಿಯು ತನ್ನ ದೇಹವು ದುರ್ಬಲವಾಗಿರುವುದರಿಂದ ಮತ್ತು ಸ್ಥಳದಿಂದ ಹೊರಬರಲು ಕಷ್ಟವಾಗುತ್ತಿರುವುದರಿಂದ ಆಕೆ ಭಯಭೀತಳಾಗಿದ್ದೇನೆ ಎಂದು ಹೇಳಿದಳು. ಅವಳು ಹೇಳಿದಳು, ""ನಾನು ಆಗ ಸ್ವಲ್ಪ ಹೆದರಿದ್ದೆ. ನಿಮಗೆ ತಿಳಿದಿರುವಂತೆ, ಈ ಸ್ಥಳದಿಂದ ಹೊರಬರುವುದು ನನಗೆ ಸ್ವಲ್ಪ ಕಷ್ಟ.
 ಅಂತೆಯೇ, ಕ್ಯಾನ್ಸರ್ ಹೊಂದಿರುವ ಮತ್ತೊಬ್ಬ ವ್ಯಕ್ತಿಯು, ""ನಾನು ಓಡಾಡಲು ಸಾಧ್ಯವಾಗುತ್ತಿಲ್ಲ"" ಎಂದು ಹೇಳಿದರು. ನಾನು ಈ ಕುರ್ಚಿಯಲ್ಲಿ ಸಿಕ್ಕಿಹಾಕಿಕೊಂಡಿದ್ದೇನೆ.","ಅಸುರಕ್ಷಿತವೆಂದು ಭಾವಿಸುವುದು ಭಯಾನಕವಾಗಿರಬಹುದು. ನಿಮಗೆ ಸಹಾಯದ ಅಗತ್ಯವಿದ್ದರೆ, ದಯವಿಟ್ಟು ನೀವು ನಂಬುವ ವ್ಯಕ್ತಿಗೆ ತಿಳಿಸಿ.","That is good to hear, [Name]. I am glad you feel safe at home and outside."
Practical,ಕೆಲಸ,"[Name]ಕಳೆದ ವಾರದಲ್ಲಿ, ನಿಮ್ಮ ಆರೋಗ್ಯದ ಕಾರಣದಿಂದಾಗಿ ನಿಮ್ಮ ಕೆಲಸವನ್ನು ನಿರ್ವಹಿಸುವುದು ಕಷ್ಟವಾಗಿದೆಯೇ?","ಕ್ಯಾನ್ಸರ್ ಹೊಂದಿರುವ ವ್ಯಕ್ತಿಯು ಕೆಲಸ ಮಾಡುವುದು ಮತ್ತು ಜನರನ್ನು ಭೇಟಿಯಾಗುವುದು ಆಕೆಗೆ ಸಾಮಾನ್ಯವೆನಿಸುವಂತೆ ಮಾಡಿತು ಎಂದು ಹೇಳಿದರು. ಆಕೆ, ""ಕೆಲಸ ಮಾಡುತ್ತಾ ಮತ್ತು ಜನರನ್ನು ಭೇಟಿಯಾಗುತ್ತಾ ಇದ್ದುದರಿಂದ ನನ್ನ ವಿವೇಕವನ್ನು ಕಾಪಾಡಿಕೊಳ್ಳಲು ಸಹಾಯವಾಯಿತು"" ಎಂದು ಹೇಳಿದರು.
 ಚಿಕಿತ್ಸೆಯಿಂದಾಗಿ ಸ್ವಲ್ಪ ಸಮಯದವರೆಗೆ ಕೆಲಸ ಮಾಡುವುದನ್ನು ನಿಲ್ಲಿಸಬೇಕಾಯಿತು ಎಂದು ಕ್ಯಾನ್ಸರ್ ಹೊಂದಿರುವ ವ್ಯಕ್ತಿ ಹೇಳಿದರು. ""ನಾನು ಕೆಲಸದಿಂದ ಸಮಯ ತೆಗೆದುಕೊಂಡೆ"" ಎಂದಳು.",ಕೆಲಸ ಮತ್ತು ಆರೋಗ್ಯ ಎರಡನ್ನೂ ನಿರ್ವಹಿಸುವುದು ಕಷ್ಟ. ನಿಮಗೆ ಅಗತ್ಯವಿದ್ದಾಗ ವಿಶ್ರಾಂತಿ ಪಡೆಯಿರಿ.,"That is good to hear, [Name]. I am glad you are able to manage your work."
Practical,ಶಾಲೆ,"[Name]ಕಳೆದ ವಾರದಲ್ಲಿ, ನಿಮ್ಮ ಆರೋಗ್ಯದ ಕಾರಣದಿಂದಾಗಿ ನಿಮ್ಮ ಅಧ್ಯಯನ ನಿರ್ವಹಣೆ ಮಾಡುವುದು ಕಷ್ಟವಾಗಿದೆಯೇ?","ಕ್ಯಾನ್ಸರ್ ಹೊಂದಿರುವ ವ್ಯಕ್ತಿಯು ತನ್ನ ಅನಾರೋಗ್ಯದಿಂದಾಗಿ ತಾನು ತನ್ನ ತರಗತಿಗಳಿಗೆ ಹಾಜರಾಗಲು ಸಾಧ್ಯವಿಲ್ಲವೆಂದು ಹೇಳಿದಳು, ಆಕೆ ಹೊರಗುಳಿದಿದ್ದೇನೆ ಎಂದು ಭಾವಿಸಿದಳು ಮತ್ತು ಅನೇಕ ಕೆಲಸಗಳನ್ನು ಮಾಡಲು ಸಾಧ್ಯವಾಗಲಿಲ್ಲ. ಆಕೆ, ""ಈ ರೋಗದಿಂದಾಗಿ ನಾನು ಶಾಲೆಗೆ ಹೋಗಲು ಸಾಧ್ಯವಾಗುತ್ತಿಲ್ಲ. ನಾನು ಹೆಚ್ಚು ಕೆಲಸ ಮಾಡಲು ಸಾಧ್ಯವಾಗಲಿಲ್ಲ ಮತ್ತು ಏಕಾಂಗಿಯಾಗಿದ್ದೇನೆ"" ಎಂದು ಹೇಳಿದರು.",ಅಧ್ಯಯನ ಮತ್ತು ಆರೋಗ್ಯ ಎರಡನ್ನೂ ನಿರ್ವಹಿಸುವುದು ಕಷ್ಟ. ನಿಮಗೆ ಅಗತ್ಯವಿದ್ದಾಗ ವಿಶ್ರಾಂತಿ ಪಡೆಯಿರಿ.,"That is good to hear, [Name]. I am glad you are able to manage your school."
Practical,ವಸತಿ/ಉಪಯುಕ್ತತೆಗಳು,"ಈ ಕಳೆದ ವಾರದಲ್ಲಿ, ಬಾಡಿಗೆ, ವಿದ್ಯುತ್, ನೀರು ಅಥವಾ ಇತರ ಮನೆಯ ಅಗತ್ಯಗಳಿಗಾಗಿ ಹಣ ಪಾವತಿಸುವುದು ಕಷ್ಟವಾಗಿದೆಯೇ?","ಕ್ಯಾನ್ಸರ್ ಹೊಂದಿರುವ ವ್ಯಕ್ತಿಯು ತಾನು ನಿದ್ರಾವಸ್ಥೆಯನ್ನು ಅನುಭವಿಸಿದಾಗ ವಿಶ್ರಾಂತಿ ಬೇಕು ಎಂದು ಹೇಳಿದಳು, ಆದರೆ ನಂತರ ಮನೆಕೆಲಸಕ್ಕೆ ಮರಳಿದಳು. ""ನಾನು ನಿದ್ರಾವಸ್ಥೆಗೆ ಒಳಗಾದಾಗ, ಒಂದು ಅಥವಾ ಎರಡು ಗಂಟೆಗಳ ಕಾಲ ಮಲಗುತ್ತಿದ್ದೆ."" ಎಂದು ಆಕೆ ಹೇಳಿದಳು.",ಚಿಕಿತ್ಸೆಯ ಸಮಯದಲ್ಲಿ ಮನೆ ಬಿಲ್‌ಗಳನ್ನು ನಿರ್ವಹಿಸುವುದು ಕಷ್ಟವಾಗಬಹುದು. ನಿಮಗೆ ಸಹಾಯ ಬೇಕಾದಲ್ಲಿ ದಯವಿಟ್ಟು ಕೇಳಿರಿ.,"That is good to hear, [Name]. I am glad you are able to manage your home needs."
Practical,ಆರ್ಥಿಕತೆ,"[Name]ಕಳೆದ ಒಂದು ವಾರದಲ್ಲಿ, ಚಿಕಿತ್ಸೆ ಅಥವಾ ದೈನಂದಿನ ಅಗತ್ಯಗಳಿಗಾಗಿ ಹಣದ ಬಗ್ಗೆ ನೀವು ಚಿಂತಿತರಾಗಿದ್ದೀರಾ?","ಕ್ಯಾನ್ಸರ್ ಪೀಡಿತ ಮಹಿಳೆಯೊಬ್ಬರು, ಚಿಕಿತ್ಸೆಗಾಗಿ ತಮ್ಮ ಪತಿ ಸಾಲ ಮಾಡಬೇಕಾಗಿ ಬಂದಿದ್ದರಿಂದ ಹಣಕಾಸಿನ ವಿಷಯವು ದೊಡ್ಡ ಚಿಂತೆಯಾಗಿತ್ತು ಎಂದು ಹೇಳಿದರು. ""ಅವರು ಸಾಲ ಮಾಡಬೇಕಾಗಿ ಬಂದಿದ್ದಕ್ಕೆ ನನಗೆ ಬೇಸರವಾಯಿತು,"" ಎಂದು ಅವರು ತಿಳಿಸಿದರು.
ಕ್ಯಾನ್ಸರ್ ಪೀಡಿತ ಮತ್ತೊಬ್ಬ ಮಹಿಳೆ, ಹಣಕಾಸಿನ ಸಮಸ್ಯೆಗಳಿಂದಾಗಿ ಚಿಕಿತ್ಸೆ ಮತ್ತು ದೈನಂದಿನ ಅಗತ್ಯಗಳನ್ನು ನಿಭಾಯಿಸುವುದು ಕಷ್ಟಕರವಾಯಿತು ಎಂದು ಹೇಳಿದರು. ""ಆರ್ಥಿಕ ಸಮಸ್ಯೆಗಳಿದ್ದರೆ ಪರಿಸ್ಥಿತಿ ಬಹಳ ಕಷ್ಟಕರವಾಗಿರುತ್ತದೆ. ಕುಟುಂಬದವರಿಗೂ ಮತ್ತು ರೋಗಿಗೂ ಅಡುಗೆ ಮಾಡಲು ಯಾರಾದರೂ ಇರಬೇಕಾಗುತ್ತದೆ. ಆರ್ಥಿಕವಾಗಿ ಸದೃಢವಾಗಿಲ್ಲದಿದ್ದರೆ, ರೋಗಿ ಹೇಗೆ ಬದುಕಲು ಸಾಧ್ಯ? ನನಗೆ ಕ್ಯಾನ್ಸರ್ ಇರುವುದು ದೃಢಪಟ್ಟಾಗ ನನ್ನ ಪತಿ ಕೆಲಸವಿಲ್ಲದೆ ಮನೆಯಲ್ಲಿದ್ದರು. ಆಟೋ, ಕ್ಯಾಬ್ ಅಥವಾ ಸ್ವಂತ ವಾಹನದಲ್ಲಿ ಪ್ರಯಾಣಿಸುವುದು ದುಬಾರಿ. ಆಹಾರಕ್ರಮ ಮತ್ತು ಇತರ ಅನೇಕ ವಿಷಯಗಳು ವಿಮೆಯ ವ್ಯಾಪ್ತಿಗೆ ಬರುವುದಿಲ್ಲ. ನಾನು ಸ್ವತಃ ಈ ಪರಿಸ್ಥಿತಿಯನ್ನು ಎದುರಿಸುತ್ತಿರುವುದರಿಂದ, ಇದು ಎಷ್ಟು ಕಷ್ಟಕರವೆಂದು ನನಗೆ ತಿಳಿದಿದೆ,"" ಎಂದು ಅವರು ಹೇಳಿದರು.",ಚಿಕಿತ್ಸೆಯ ಸಮಯದಲ್ಲಿ ಹಣದ ಚಿಂತೆಗಳು ತುಂಬಾ ಕಷ್ಟವಾಗಬಹುದು. ನಿಮಗೆ ಸಹಾಯ ಬೇಕಾದಲ್ಲಿ ದಯವಿಟ್ಟು ಕೇಳಿರಿ.,That takes away a big worry. I am glad money worries are not troubling you now.
Practical,ವಿಮಾ,"[Name]ಕಳೆದ ವಾರದಲ್ಲಿ, ನಿಮ್ಮ ಆರೋಗ್ಯ ಕಾರ್ಡ್ ಬಳಸುವುದು ಕಷ್ಟಕರವಾಗಿತ್ತೇ, ಉದಾಹರಣೆಗೆ ಇ.ಎಸ್.ಐ. ಕಾರ್ಡ್ ಅಥವಾ ಬಿ.ಪಿ.ಎಲ್. ಕಾರ್ಡ್ ಅಥವಾ ಆಸ್ಪತ್ರೆ ಆರೈಕೆಗಾಗಿ ವಿಮಾ ಪತ್ರಗಳು?","ಕ್ಯಾನ್ಸರ್ ಹೊಂದಿರುವ ವ್ಯಕ್ತಿಯು ವಿಮೆ ಪಾವತಿಯನ್ನು ಸುಲಭಗೊಳಿಸುವುದಿಲ್ಲ ಎಂದು ಹೇಳಿದರು. ಆಕೆ ಮೊದಲು ಹಣ ಪಾವತಿಸಬೇಕಿತ್ತು ಮತ್ತು ಹಣ ಮರಳಿ ಬರುವವರೆಗೆ ಕಾಯಬೇಕಾಗಿತ್ತು. ಆಕೆ, ""ನಿಮಗೆ ವಿಮೆ ಇದ್ದರೂ, ನೀವು ಕಾಯಬೇಕು ಮತ್ತು ಸಮಸ್ಯೆಗಳನ್ನು ಎದುರಿಸಬೇಕು"" ಎಂದು ಹೇಳಿದರು.",ವಿಮಾ ಕಂಪನಿಗಳಿಗೆ ಸಮಯ ಹಿಡಿಯಬಹುದು. ನಿಮಗೆ ಸಹಾಯ ಬೇಕಾದಲ್ಲಿ ದಯವಿಟ್ಟು ಕೇಳಿರಿ.,"That is good to hear, [Name]. I am glad you are not having problems with insurance now."
Practical,ಸಾರಿಗೆ,"[Name]ಕಳೆದ ವಾರದಲ್ಲಿ, ನಿಮ್ಮ ಮನೆಯಿಂದ ಆಸ್ಪತ್ರೆಗೆ ಅಥವಾ ಚಿಕಿತ್ಸಾಲಯಕ್ಕೆ ಪ್ರಯಾಣಿಸುವುದು ನಿಮಗೆ ಕಷ್ಟವಾಗಿದೆಯಾ?","ಕ್ಯಾನ್ಸರ್ ಹೊಂದಿರುವ ವ್ಯಕ್ತಿಯು ಚಿಕಿತ್ಸೆಗೆ ಪ್ರಯಾಣ ಮಾಡುವುದು ಕಷ್ಟ ಎಂದು ಹೇಳಿದರು ಏಕೆಂದರೆ ಆಕೆ ಆಸ್ಪತ್ರೆಯಿಂದ ಬೇರೆ ಪಟ್ಟಣದಲ್ಲಿ ವಾಸಿಸುತ್ತಿದ್ದರು. ಆಕೆ, ""ಚಿಕಿತ್ಸೆಗಾಗಿ, ಪ್ರಯಾಣ ಮಾಡುವುದು ಸುಲಭವಾಗಿರಲಿಲ್ಲ"" ಎಂದಳು.",ಆಸ್ಪತ್ರೆಗೆ ಭೇಟಿ ನೀಡಲು ಪ್ರಯಾಣ ಮಾಡುವುದು ಕಷ್ಟ. ದಯವಿಟ್ಟು ಸಾಧ್ಯವಾದಷ್ಟು ವಿಶ್ರಾಂತಿ ಪಡೆಯಿರಿ.,It’s good to hear that travelling to the hospital visits has been okay for you.
Practical,ಮಕ್ಕಳ ಪಾಲನೆ,"[Name]ಈ ಕಳೆದ ವಾರ, ನಿಮ್ಮ ಮಕ್ಕಳನ್ನು ನೋಡಿಕೊಳ್ಳುವುದು ಕಷ್ಟವಾಗಿದೆಯೇ?","ಕ್ಯಾನ್ಸರ್ ಹೊಂದಿರುವ ಒಬ್ಬ ವ್ಯಕ್ತಿಯು ತನ್ನ ಮಗಳು ತನ್ನನ್ನು ಹೊರಗೆ ಹೋಗಬೇಕೆಂದು ಬಯಸುತ್ತಾಳೆ, ಆದರೆ ಆಕೆಯ ಅನಾರೋಗ್ಯವು ಅದನ್ನು ಕಷ್ಟಕರವಾಗಿಸಿತು ಎಂದು ಹೇಳಿದರು. ""ನೀವು ಯಾಕೆ ಹೊರಗೆ ಬರುತ್ತಿಲ್ಲ ಎಂದು ಆಕೆ ನನ್ನನ್ನು ಕೇಳುತ್ತಿದ್ದಳು"" ಎಂದು ಆಕೆ ಹೇಳಿದಳು.",ನೀವು ತುಂಬಾ ಶ್ರಮ ಹಾಕುತ್ತಿದ್ದೀರಿ[Name]. ನೀವು ಆರೋಗ್ಯವಾಗಿರದಿದ್ದಾಗ ಮಕ್ಕಳ ಆರೈಕೆ ಮಾಡುವುದು ಕಷ್ಟವಾಗಬಹುದು. ನಿಮಗೆ ಸಹಾಯ ಬೇಕಾದಾಗ ದಯವಿಟ್ಟು ಸಹಾಯ ಕೇಳಿ.,"That is good to hear, [Name]. I am glad you are able to take care of your children."
Practical,ಸಾಕಷ್ಟು ಆಹಾರ,"[Name]ಕಳೆದ ವಾರದಲ್ಲಿ, ಅಡುಗೆಗಾಗಿ ಅಕ್ಕಿ, ಬೇಳೆ ಅಥವಾ ತರಕಾರಿಗಳಂತಹ ಆಹಾರ ಪದಾರ್ಥಗಳನ್ನು ಪಡೆಯುವುದು ಕಷ್ಟವಾಗಿತ್ತೇ?","ಕ್ಯಾನ್ಸರ್ ಪೀಡಿತ ಮಹಿಳೆಯೊಬ್ಬರು, ಮನೆಗೆ ಬೇಕಾದ ಆಹಾರವನ್ನು ಪಡೆಯಲು ಸಹಾಯವಾಗುವಂತೆ ತಮ್ಮ ಸಹೋದರ ಹಣವನ್ನು ಸಾಲವಾಗಿ ಪಡೆಯುತ್ತಿದ್ದರು ಎಂದು ಹೇಳಿದರು. ಅವರು, ""ನನ್ನ ಸಹೋದರ ಹಣವನ್ನು ಸಾಲವಾಗಿ ಪಡೆದು, ಮನೆಗೆ ಬೇಕಾದ ಆಹಾರ ಪದಾರ್ಥಗಳನ್ನು ತರಲು ನನಗೆ ಸಹಾಯ ಮಾಡುತ್ತಿದ್ದರು"" ಎಂದು ತಿಳಿಸಿದರು.",ಆಹಾರ ಪಡೆಯುವುದು ಕಷ್ಟವಾದಾಗ ಅದು ಕಷ್ಟವಾಗಬಹುದು. ನಿಮಗೆ ಸಹಾಯ ಬೇಕಾದಲ್ಲಿ ದಯವಿಟ್ಟು ನಿಮ್ಮ ಕುಟುಂಬ ಅಥವಾ ನೆರೆಹೊರೆಯವರನ್ನು ಕೇಳಿ.,I am very glad to know that you are getting your food for the day properly and don't have to worry about food right now.
Practical,ವೈದ್ಯಕೀಯ ಸೌಲಭ್ಯ,"[Name]ಕಳೆದ ವಾರದಲ್ಲಿ, ಆಸ್ಪತ್ರೆ ಅಥವಾ ವೈದ್ಯಕೀಯ ಅಂಗಡಿಯಿಂದ ನಿಮ್ಮ ಔಷಧಿಗಳನ್ನು ಪಡೆಯುವುದು ಕಷ್ಟವಾಗಿದೆಯೇ?","ಕ್ಯಾನ್ಸರ್ ಹೊಂದಿರುವ ವ್ಯಕ್ತಿಯು ತನ್ನ ಮನೆಯ ಬಳಿ ಕ್ಯಾನ್ಸರ್ ಔಷಧಿಗಳು ಮತ್ತು ಪರೀಕ್ಷೆಗಳನ್ನು ಪಡೆಯುವುದು ಕಷ್ಟ ಎಂದು ಹೇಳಿದರು. ""ಯಾವುದೇ ಪರೀಕ್ಷೆಗಳು ಅಥವಾ ಕ್ಯಾನ್ಸರ್ ಔಷಧಿಗಳು ಸ್ಥಳೀಯವಾಗಿ ಲಭ್ಯವಿರಲಿಲ್ಲ"" ಎಂದು ಆಕೆ ಹೇಳಿದರು.",ಔಷಧಿಗಳನ್ನು ಪಡೆಯುವುದು ಸುಲಭವಾಗದಿದ್ದಾಗ ಅದು ಕಷ್ಟವಾಗಬಹುದು. ನಿಮಗೆ ಸಹಾಯ ಬೇಕಾದಲ್ಲಿ ಆಸ್ಪತ್ರೆಯ ಸಿಬ್ಬಂದಿಯನ್ನು ಕೇಳಿ.,Excellent! Taking medicines properly is a big step to getting well.
Practical,ಚಿಕಿತ್ಸೆ,"ವೈದ್ಯರು ಒಂದೇ ಬಾರಿಗೆ ಅನೇಕ ವಿಷಯಗಳನ್ನು ಹೇಳುತ್ತಾರೆ, ಮತ್ತು ಯಾವುದು ಸರಿ ಎಂದು ತಿಳಿಯುವುದು ಕಷ್ಟ.[Name]ಕಳೆದ ವಾರದಲ್ಲಿ, ನಿಮ್ಮ ಚಿಕಿತ್ಸೆಗೆ ಏನು ಮಾಡಬೇಕೆಂದು ನಿಮಗೆ ಖಚಿತವಾಗಿರಲಿಲ್ಲವೇ?","ಕ್ಯಾನ್ಸರ್ ಹೊಂದಿರುವ ವ್ಯಕ್ತಿಯು ತಾನು ಚಿಕಿತ್ಸೆಯ ಪ್ರಕ್ರಿಯೆಯು ತನಗೆ ಹೊಸದಾಗಿರುವುದರಿಂದ ಗೊಂದಲಕ್ಕೊಳಗಾಗಿದ್ದೇನೆ ಎಂದು ಹೇಳಿದಳು. ಆಕೆ, ""ಚಿಕಿತ್ಸೆಯ ಪ್ರಕ್ರಿಯೆಯನ್ನು ಅರ್ಥಮಾಡಿಕೊಳ್ಳಲು ನನಗೆ ಕಷ್ಟವಾಯಿತು"" ಎಂದು ಹೇಳಿದರು.","ಅನಿಶ್ಚಿತತೆ ಉಂಟಾಗುವುದು ಸಹಜ,[Name]. ಚಿಕಿತ್ಸೆಯನ್ನು ಅರ್ಥಮಾಡಿಕೊಳ್ಳುವುದು ಕಷ್ಟವಾಗಬಹುದು. ಏನಾದರೂ ಸ್ಪಷ್ಟವಾಗಿರದಿದ್ದಾಗ ದಯವಿಟ್ಟು ನಿಮ್ಮ ವೈದ್ಯರು ಅಥವಾ ದಾದಿಯರನ್ನು ಕೇಳಿ.","That is good to hear, [Name]. I am glad you feel clear about your treatment."
Spiritual or Religious Concern,ಅರ್ಥ ಅಥವಾ ಉದ್ದೇಶದ ಪ್ರಜ್ಞೆ,"ಕಷ್ಟದ ಸಮಯದಲ್ಲಿ ನಾವೆಲ್ಲರೂ ಪ್ರಯತ್ನವನ್ನು ಮುಂದುವರಿಸಲು ಒಂದು ಕಾರಣವನ್ನು ಹುಡುಕುತ್ತೇವೆ. ಕಳೆದ ವಾರದಲ್ಲಿ, ಯಾವುದು ನಿಮ್ಮನ್ನು ದೃಢವಾಗಿರಲು ಸಹಾಯ ಮಾಡುತ್ತದೆ ಎಂಬುದರ ಬಗ್ಗೆ ನಿಮಗೆ ಅನಿಶ್ಚಿತತೆ ಕಾಡಿದೆಯೇ?","ಕ್ಯಾನ್ಸರ್ ಹೊಂದಿರುವ ವ್ಯಕ್ತಿಯು ಕ್ಯಾನ್ಸರ್ ತನ್ನ ಜೀವನವನ್ನು ನೋಡುವ ದೃಷ್ಟಿಕೋನವನ್ನು ಬದಲಾಯಿಸಿದೆ ಮತ್ತು ಜೀವನವನ್ನು ಹೆಚ್ಚು ಗೌರವಿಸಲು ಸಹಾಯ ಮಾಡಿದೆ ಎಂದು ಹೇಳಿದರು. ಆಕೆ, ""ನಾನು ಈಗ ಜೀವನವನ್ನು ಹೆಚ್ಚು ಗೌರವಿಸುತ್ತೇನೆ ಹಾಗು ಜೀವನವನ್ನು ಅಷ್ಟಾಗಿ ಲಘುವಾಗಿ ತೆಗೆದುಕೊಳ್ಳುವುದಿಲ್ಲ."" ಎಂದರು.","ಹೀಗೆ ಭಾವಿಸುವುದು ಸರಿಯೇ. ವಿಶ್ರಾಂತಿ, ಚಹಾ ಅಥವಾ ಯಾರೊಂದಿಗಾದರೂ ಮಾತನಾಡುವುದು ಮುಂತಾದ ಸಣ್ಣ ವಿಷಯಗಳು ನಿಮಗೆ ಮುಂದುವರಿಯಲು ಸಹಾಯ ಮಾಡುತ್ತವೆ.","That is a beautiful thing, [Name]. I am glad you have something that helps you keep going."
Spiritual or Religious Concern,ನಂಬಿಕೆ ಅಥವಾ ನಂಬಿಕೆಗಳಲ್ಲಿ ಬದಲಾವಣೆಗಳು,"[Name]ಕಳೆದ ವಾರದಲ್ಲಿ, ನಿಮ್ಮ ನಂಬಿಕೆ ಅಥವಾ ನಂಬಿಕೆಗಳ ಬಗ್ಗೆ ನಿಮ್ಮ ಆಲೋಚನೆಗಳು ಬದಲಾಗಿವೆಯೇ?","ಕ್ಯಾನ್ಸರ್ ಹೊಂದಿರುವ ಒಬ್ಬ ವ್ಯಕ್ತಿಯು ತನ್ನ ಅನಾರೋಗ್ಯವು ತನ್ನ ನಂಬಿಕೆಯನ್ನು ಬದಲಾಯಿಸಿದೆ ಮತ್ತು ಜೀವನವನ್ನು ವಿಭಿನ್ನವಾಗಿ ನೋಡಲು ಸಹಾಯ ಮಾಡಿದೆ ಎಂದು ಹೇಳಿದರು. ಆಕೆ ಹೇಳಿದರು, ""ನಾನು ಯಶಸ್ಸು ಎಂದರೆ ಬ್ಯಾಂಕ್ ಬಾಕಿ ಮತ್ತು ಭೌತಿಕ ವಸ್ತುಗಳು ಎಂದು ಭಾವಿಸುತ್ತಿದ್ದೆ. ಆದರೆ ಇಂದು, ಜನರು ನನ್ನ ಬಗ್ಗೆ ಏನು ಯೋಚಿಸುತ್ತಾರೆ ಎಂಬುದರ ಬಗ್ಗೆ ನನಗೆ ತಲೆಕೆಡಿಸಿಕೊಳ್ಳುವುದಿಲ್ಲ.""",ಅನಾರೋಗ್ಯವು ನಾವು ಜೀವನ ಮತ್ತು ನಂಬಿಕೆಯ ಬಗ್ಗೆ ಯೋಚಿಸುವ ರೀತಿಯನ್ನು ಬದಲಾಯಿಸಬಹುದು.,"That is good to hear, [Name]. I am glad your faith and beliefs feel okay for you now."
Spiritual or Religious Concern,"ಸಾವು, ಮರಣ ಅಥವಾ ಮರಣೋತ್ತರ ಜೀವನ","[Name]ಈ ಪ್ರಶ್ನೆ ಕಷ್ಟವೆನಿಸಬಹುದು. ಕಳೆದ ವಾರದಲ್ಲಿ, ಸಾವು ಅಥವಾ ಸಾವಿನ ನಂತರದ ಜೀವನದ ಕುರಿತು ನಿಮಗೆ ಆಲೋಚನೆಗಳು ಬಂದಿವೆಯೇ?","ಕ್ಯಾನ್ಸರ್ ಪೀಡಿತ ಮಹಿಳೆಯೊಬ್ಬರು ಸಾವು ಮತ್ತು ಬದುಕುಳಿಯುವಿಕೆಯ ಬಗ್ಗೆ ತಮಗೆ ಭಯವಿದೆಯೆಂದು ಹೇಳಿದರು. ""ನಾನು ಬದುಕುಳಿಯದಿದ್ದರೆ ಏನಾಗಬಹುದು?"" ಎಂದು ಅವರು ಕೇಳಿದರು.","ತಿಳಿಸಿದ್ದಕ್ಕಾಗಿ ಧನ್ಯವಾದಗಳು[Name]. ಮರಣದ ಬಗ್ಗೆ ಯೋಚನೆಗಳು ಭಯ ಹುಟ್ಟಿಸಬಹುದು. ನೀವು ಒಬ್ಬಂಟಿಯಾಗಿಲ್ಲ. ಈ ಆಲೋಚನೆಗಳು ಭಾರವೆನಿಸಿದರೆ, ನೀವು ನಂಬುವ ಯಾರೊಂದಿಗಾದರೂ ಮಾತನಾಡಿ.","That is good to hear, [Name]. I am glad these thoughts are not troubling you now."
Spiritual or Religious Concern,ನಂಬಿಕೆಗಳು ಮತ್ತು ಕ್ಯಾನ್ಸರ್ ಚಿಕಿತ್ಸೆಗಳ ನಡುವಿನ ಸಂಘರ್ಷ,"[Name]ಕಳೆದ ವಾರದಲ್ಲಿ, ನಿಮ್ಮ ಚಿಕಿತ್ಸೆ ಹಾಗೂ ನಿಮ್ಮ ನಂಬಿಕೆ ಅಥವಾ ಧಾರ್ಮಿಕ ನಂಬಿಕೆಗಳ ನಡುವೆ ಏನಾದರೂ ಸಮಸ್ಯೆ ಇದೆ ಎಂದು ನಿಮಗೆ ಅನ್ನಿಸಿದೆಯೇ?","""ಕ್ಯಾನ್ಸರ್ ಪೀಡಿತ ಮಹಿಳೆಯೊಬ್ಬರು ತಮಗೆ ಪವಾಡಗಳಲ್ಲಿ ನಂಬಿಕೆಯಿದೆ ಎಂದು ಹೇಳುತ್ತಲೇ, ಚಿಕಿತ್ಸೆ ಪಡೆಯುವುದು ಅನಿವಾರ್ಯವೆಂಬುದನ್ನೂ ಒಪ್ಪಿಕೊಂಡರು. 'ನಾನು ಕ್ಯಾನ್ಸರ್ ಚಿಕಿತ್ಸೆಗೆ ಒಳಗಾಗಲೇಬೇಕೆಂದು ನನಗೆ ತಿಳಿದಿತ್ತು' ಎಂದು ಅವರು ಹೇಳಿದರು.
ಮತ್ತೊಬ್ಬರು ಹೀಗೆ ಹೇಳಿದರು: ಕೆಲವರು ತಮ್ಮ ದೇಹವನ್ನು ದೇವರು ನೀಡಿದ ಕೊಡುಗೆ ಎಂದು ಭಾವಿಸುವುದರಿಂದ, ಚಿಕಿತ್ಸೆಯು ತಮ್ಮ ಧಾರ್ಮಿಕ ನಂಬಿಕೆಗಳಿಗೆ ವಿರುದ್ಧವೆಂದು ಭಾವಿಸಬಹುದು. 'ಈ ಅಂಗವನ್ನು ದೇವರು ನನಗೆ ನೀಡಿದ್ದಾನೆ. ದೇವರು ನೀಡಿದ ಈ ದೇಹವನ್ನು ಕತ್ತರಿಸಲು ನಾನು ಬಿಡಬಾರದು' ಎಂದು ಅವರು ಹೇಳಿದರು."" - ಡೇನಿಯಲ್",ಚಿಕಿತ್ಸೆಯು ನಿಮ್ಮ ನಂಬಿಕೆ ಅಥವಾ ನಂಬಿಕೆಗಳಿಗೆ ಹೊಂದಿಕೆಯಾಗದಿದ್ದರೆ ಅದು ಕಷ್ಟವಾಗಬಹುದು.,"That is good to hear, [Name]. I am glad there is no problem between your treatment and your faith now."
Spiritual or Religious Concern,ಪವಿತ್ರದೊಂದಿಗೆ ಸಂಬಂಧ,"[Name]ಕಳೆದ ವಾರದಲ್ಲಿ, ದೇವರೊಂದಿಗಿನ ನಿಮ್ಮ ಸಂಬಂಧ, ಪ್ರಾರ್ಥನೆ ಅಥವಾ ನಂಬಿಕೆಯಲ್ಲಿ ಏನಾದರೂ ಬದಲಾವಣೆಯನ್ನು ನೀವು ಗಮನಿಸಿದ್ದೀರಾ?","ಕ್ಯಾನ್ಸರ್ ಹೊಂದಿರುವ ವ್ಯಕ್ತಿಯು ತನ್ನ ಅನಾರೋಗ್ಯವು ತನ್ನನ್ನು ದೇವರ ಬಗ್ಗೆ ಮತ್ತು ತನ್ನ ನೋವಿನ ಬಗ್ಗೆ ಪ್ರಶ್ನಿಸುವಂತೆ ಮಾಡಿದೆ ಎಂದು ಹೇಳಿದಳು. ಆಕೆ, ""ನಾನು ಯಾರಿಗೂ ತಪ್ಪು ಮಾಡಿಲ್ಲ ಎಂದು ದೇವರಿಗೆ ಹೇಳುತ್ತೇನೆ."" ಎಂದಳು. ಜೀವನದಲ್ಲಿ ನನಗೆ ಇಷ್ಟೊಂದು ಶಿಕ್ಷೆ ಏಕೆ ವಿಧಿಸಲಾಗಿದೆ?""",ಸರಿ[Name]. ನಮ್ಮ ನಂಬಿಕೆ ಕೆಲವೊಮ್ಮೆ ನಿಶ್ಯಬ್ದವಾಗಿರುತ್ತದೆ. ಅದು ನಮಗೆ ಸಮಾಧಾನ ತರಬಲ್ಲದು.,"That is good to hear, [Name]. I am glad your faith and prayer are helping you now."
Spiritual or Religious Concern,ಧಾರ್ಮಿಕ ಅಥವಾ ಆಹಾರ ಸಂಬಂಧಿತ ಅವಶ್ಯಕತೆಗಳು,"[Name]ಕಳೆದ ವಾರದಲ್ಲಿ, ಪ್ರಾರ್ಥನೆ ಮಾಡುವುದು, ಉಪವಾಸ ಮಾಡುವುದು, ಆಚರಣೆಗಳನ್ನು ಮಾಡುವುದು ಅಥವಾ ನಿಮ್ಮ ಸಾಮಾನ್ಯ ಆಹಾರ ನಿಯಮಗಳನ್ನು ಪಾಲಿಸುವುದು ಕಷ್ಟವಾಗಿದೆಯೇ?","ಕ್ಯಾನ್ಸರ್ ಪೀಡಿತ ಮಹಿಳೆಯೊಬ್ಬರು, ತಮ್ಮ ನೋವಿನ ಕಾರಣದಿಂದಾಗಿ ಪೂಜೆ ಮಾಡುವುದು ಕಷ್ಟವಾಯಿತು ಎಂದು ಹೇಳಿದರು. ""ನನಗೆ ಸಿಟ್ಟು ಬಂದಿತ್ತು, ಹಾಗಾಗಿ ನಾನು ಪೂಜೆ ಮಾಡುವುದನ್ನು ನಿಲ್ಲಿಸಿದೆ,"" ಎಂದು ಅವರು ಹೇಳಿದರು.","ನಿಮ್ಮ ದೇಹವು ಆರೋಗ್ಯವಾಗಿರದಿದ್ದಾಗ, ಪ್ರಾರ್ಥನೆ ಅಥವಾ ಆಚರಣೆಗಳು ಕಷ್ಟವೆನಿಸಬಹುದು. ದಯವಿಟ್ಟು ನೀವು ಮಾಡಬಹುದಾದದ್ದನ್ನು ಮಾಡಿ.","That is excellent, [Name]! I am glad you are able to follow your prayer, fasting, or food rules."
